epoch,time,train/box_loss,train/cls_loss,train/dfl_loss,metrics/precision(B),metrics/recall(B),metrics/mAP50(B),metrics/mAP50-95(B),val/box_loss,val/cls_loss,val/dfl_loss,lr/pg0,lr/pg1,lr/pg2
1,235.289,3.03607,7.51379,1.38715,0,0,0,0,2.72071,7.77469,1.14721,0.0002375,0.0002375,0.0002375
2,460.281,2.91605,5.819,1.21306,0,0,0,0,2.50749,6.72861,1.07726,0.000246187,0.000246187,0.000246187
