{
    "precision": 0.52361,
    "recall": 0.69115,
    "f1": 0.5958264208567948,
    "map50": 0.46904
}