{
    "precision": 0.44748,
    "recall": 0.61129,
    "f1": 0.5167128823068277,
    "map50": 0.4054
}